﻿<?xml version="1.0" encoding="utf-8" standalone="yes"?>
<template key="qWpHruyqN3BesrZYsSH/Vw==" productVersion="10.7.1">
  <geoEventServices>
    <geoEventService name="12de9a3e-0b98-4247-8d22-a8a8624ef049" label="SensorThings API Query" description="" lineStyle="Diagonal" runningState="STOPPED" statusDetails="">
      <inputs>
        <input ref="2f53505d-f1d6-48f2-8a56-3c49a746d159" label="sta-poll-in" left="365" top="79" width="85" height="40" />
      </inputs>
      <outputs>
        <output ref="ed590db8-c7bf-4c8b-8ac8-e157af1fd5df" label="tcp-text-out" left="969" top="103" width="96" height="40" />
      </outputs>
      <nodes>
        <node name="38c427af-1953-44b0-89f3-b59032fde584" label="CalcGeometry" left="746" top="81" width="90" height="40">
          <processor uri="com.esri.ges.processor/FieldCalculator/10.7.1">
            <properties>
              <property name="existingFieldName" type="GeoEventDefinitionField">geometry</property>
              <property name="expression" type="String">'{"x":'+lon+',"y":'+lat+',"spatialReference":{"wkid":4326}}'</property>
              <property name="newGeoEventDefinitionName" type="String">FieldCalculator</property>
              <property name="resultDestination" type="String">Existing Field</property>
              <property name="newFieldTag" type="String"></property>
              <property name="newFieldType" type="String">Boolean</property>
              <property name="newFieldName" type="String"></property>
            </properties>
          </processor>
        </node>
        <node name="045e316e-258b-471a-8be3-df54dfafbce3" label="MapperFlat" left="551" top="69" width="72" height="54">
          <processor uri="com.esri.ges.processor/FieldMapper/10.7.1">
            <properties>
              <property name="inputFields" type="String">FeatureOfInterest.@iot_id,phenomenonTime,resultTime,result,Datastream.name,Datastream.description,Datastream.properties.ownerData,Datastream.properties.serviceName,Datastream.properties.layerName,Datastream.properties.resultNature,Datastream.properties.mediaMonitored,FeatureOfInterest.feature.geometry.coordinates[0],FeatureOfInterest.feature.geometry.coordinates[1]</property>
              <property name="outputFields" type="String">iot_id,phenomenon_time,result_time,result,name,description,owner,service_name,layer_name,result_nature,media_monitored,lon,lat</property>
              <property name="inputGeoEventDefinition" type="GeoEventDefinition">sta-properties-in</property>
              <property name="outputGeoEventDefinition" type="GeoEventDefinition">sta-properties-out</property>
            </properties>
          </processor>
        </node>
      </nodes>
      <flow>
        <from ref="2f53505d-f1d6-48f2-8a56-3c49a746d159" label="sta-poll-in">
          <to ref="045e316e-258b-471a-8be3-df54dfafbce3" label="MapperFlat" />
        </from>
        <from ref="045e316e-258b-471a-8be3-df54dfafbce3" label="MapperFlat">
          <to ref="38c427af-1953-44b0-89f3-b59032fde584" label="CalcGeometry" />
        </from>
        <from ref="38c427af-1953-44b0-89f3-b59032fde584" label="CalcGeometry">
          <to ref="ed590db8-c7bf-4c8b-8ac8-e157af1fd5df" label="tcp-text-out" />
        </from>
      </flow>
      <geoEventsReceivedRateRange max="0.0" min="0.0" />
      <geoEventsSentRateRange max="0.0" min="0.0" />
    </geoEventService>
  </geoEventServices>
  <inputs>
    <input clusterCommand="STOP" connector="sta-poll-in" connectorLabel="Poll a SensorThings API for Observations" hostName="vsaz0086" label="sta-poll-in" name="2f53505d-f1d6-48f2-8a56-3c49a746d159" runningState="STOPPED" statusDetails="NULL" supportsAllGeoEventDefinitions="true">
      <adapter uri="de.esri.ges.adapter.adjustedJson/AdjustedJsonAdapter-in/10.7.1">
        <properties>
          <property name="SpatialReferenceField" type="String"></property>
          <property name="YGeometryField" type="String"></property>
          <property name="CreateGeoEventDefinition" type="Boolean">false</property>
          <property name="isLearningMode" type="Boolean">false</property>
          <property name="ExistingGeoEventDefinitionName" type="GeoEventDefinition">sta-properties-in</property>
          <property name="ZGeometryField" type="String"></property>
          <property name="NewGeoEventDefinitionName" type="String">NewFeatureGeoEventDef</property>
          <property name="asGeoJson" type="Boolean">false</property>
          <property name="BuildGeometryFromFields" type="Boolean">false</property>
          <property name="CustomDateFormat" type="String">yyyy-MM-dd'T'HH:mm:ss.SSS'Z'</property>
          <property name="JsonObjectName" type="String">value</property>
          <property name="XGeometryField" type="String"></property>
        </properties>
      </adapter>
      <geoEventDefinitionHistory />
      <geoEventsRateRange max="0.0" min="0.0" />
      <supportedGeoEventDefinitions />
      <transport uri="de.esri.ges.transport/AdvancedHttpInboundTransport/10.7.1">
        <properties>
          <property name="tokenClientId" type="String"></property>
          <property name="clientURL" type="String">https://iot.hamburg.de/v1.1/Observations?$top=1000&amp;$count=true&amp;$select=result,phenomenonTime,resultTime&amp;$expand=Datastream($select=name,description,properties),FeatureOfInterest($select=@iot.id,name,description,feature)&amp;$filter=phenomenonTime%20ge%20|$lastPollingDateTime|&amp;$orderby=phenomenonTime%20desc</property>
          <property name="timeZone" type="String">UTC</property>
          <property name="httpMethod" type="String">GET</property>
          <property name="httpTimeoutValue" type="Integer">30</property>
          <property name="tokenOfflineToken" type="String"></property>
          <property name="tokenUsername" type="String"></property>
          <property name="frequency" type="Integer">60</property>
          <property name="tokenEndpoint" type="String"></property>
          <property name="tokenClientSecret" type="String"></property>
          <property name="tokenPassword" type="Password"></property>
          <property name="useAuthentication" type="Boolean">false</property>
          <property name="historicalTimespanSeconds" type="Integer">3600</property>
          <property name="dateTimePattern" type="String">yyyy-MM-dd'T'HH:mm:ss.SSS'Z'</property>
        </properties>
      </transport>
    </input>
  </inputs>
  <outputs>
    <output clusterCommand="STOP" connector="esri-out-text-tcp-client" connectorLabel="Push Text to an External TCP Socket" label="tcp-text-out" name="ed590db8-c7bf-4c8b-8ac8-e157af1fd5df" runningState="STOPPED" statusDetails="NULL" supportsAllGeoEventDefinitions="true">
      <adapter uri="com.esri.ges.adapter.outbound/Text/10.7.1">
        <properties>
          <property name="LocaleForNumberFormatter" type="String"></property>
          <property name="MessageSeparator" type="String">\n</property>
          <property name="CustomDateFormat" type="String"></property>
          <property name="mimeType" type="String">text/plain</property>
          <property name="CustomDateFormatType" type="String">ISO 8601 Format</property>
          <property name="AttributeSeparator" type="String">,</property>
        </properties>
      </adapter>
      <geoEventDefinitionHistory />
      <geoEventsRateRange max="0.0" min="0.0" />
      <supportedGeoEventDefinitions />
      <transport uri="com.esri.ges.transport.outbound/TCP/10.7.1">
        <properties>
          <property name="mode" type="String">CLIENT</property>
          <property name="port" type="Integer">5575</property>
          <property name="host" type="String">localhost</property>
          <property name="clientConnectionTimeout" type="Integer">60</property>
        </properties>
      </transport>
    </output>
  </outputs>
  <geoEventDefinitions>
    <geoEventDefinition guid="ba2171aa-8f17-46a2-ad31-8f1042378562" name="sta-properties-in" owner="thpaesri" accessType="editable">
      <fieldDefinitions>
        <fieldDefinition name="phenomenonTime" type="Date" cardinality="One">
          <fieldDefinitionTag>
            <name>TIME_START</name>
          </fieldDefinitionTag>
          <fieldDefinitions />
        </fieldDefinition>
        <fieldDefinition name="resultTime" type="Date" cardinality="One">
          <fieldDefinitions />
        </fieldDefinition>
        <fieldDefinition name="result" type="Double" cardinality="One">
          <fieldDefinitions />
        </fieldDefinition>
        <fieldDefinition name="Datastream" type="Group" cardinality="One">
          <fieldDefinitions>
            <fieldDefinition name="name" type="String" cardinality="One">
              <fieldDefinitions />
            </fieldDefinition>
            <fieldDefinition name="description" type="String" cardinality="One">
              <fieldDefinitions />
            </fieldDefinition>
            <fieldDefinition name="properties" type="Group" cardinality="One">
              <fieldDefinitions>
                <fieldDefinition name="metadata" type="String" cardinality="One">
                  <fieldDefinitions />
                </fieldDefinition>
                <fieldDefinition name="layerName" type="String" cardinality="One">
                  <fieldDefinitions />
                </fieldDefinition>
                <fieldDefinition name="ownerData" type="String" cardinality="One">
                  <fieldDefinitions />
                </fieldDefinition>
                <fieldDefinition name="serviceName" type="String" cardinality="One">
                  <fieldDefinitions />
                </fieldDefinition>
                <fieldDefinition name="resultNature" type="String" cardinality="One">
                  <fieldDefinitions />
                </fieldDefinition>
                <fieldDefinition name="infoLastUpdate" type="Date" cardinality="One">
                  <fieldDefinitions />
                </fieldDefinition>
                <fieldDefinition name="mediaMonitored" type="String" cardinality="One">
                  <fieldDefinitions />
                </fieldDefinition>
              </fieldDefinitions>
            </fieldDefinition>
          </fieldDefinitions>
        </fieldDefinition>
        <fieldDefinition name="FeatureOfInterest" type="Group" cardinality="One">
          <fieldDefinitions>
            <fieldDefinition name="name" type="String" cardinality="One">
              <fieldDefinitions />
            </fieldDefinition>
            <fieldDefinition name="description" type="String" cardinality="One">
              <fieldDefinitions />
            </fieldDefinition>
            <fieldDefinition name="feature" type="Group" cardinality="One">
              <fieldDefinitions>
                <fieldDefinition name="type" type="String" cardinality="One">
                  <fieldDefinitions />
                </fieldDefinition>
                <fieldDefinition name="geometry" type="Group" cardinality="One">
                  <fieldDefinitions>
                    <fieldDefinition name="type" type="String" cardinality="One">
                      <fieldDefinitions />
                    </fieldDefinition>
                    <fieldDefinition name="coordinates" type="Double" cardinality="Many">
                      <fieldDefinitions />
                    </fieldDefinition>
                  </fieldDefinitions>
                </fieldDefinition>
              </fieldDefinitions>
            </fieldDefinition>
            <fieldDefinition name="@iot_id" type="String" cardinality="One">
              <fieldDefinitionTag>
                <name>TRACK_ID</name>
              </fieldDefinitionTag>
              <fieldDefinitions />
            </fieldDefinition>
          </fieldDefinitions>
        </fieldDefinition>
        <fieldDefinition name="geometry" type="Geometry" cardinality="One">
          <fieldDefinitionTag>
            <name>GEOMETRY</name>
          </fieldDefinitionTag>
          <fieldDefinitions />
        </fieldDefinition>
      </fieldDefinitions>
    </geoEventDefinition>
    <geoEventDefinition guid="eb12bbb8-0ae7-47e7-9b93-6559b77a3688" name="sta-properties-out" owner="portaladmin" accessType="editable">
      <fieldDefinitions>
        <fieldDefinition name="iot_id" type="String" cardinality="One">
          <fieldDefinitionTag>
            <name>TRACK_ID</name>
          </fieldDefinitionTag>
          <fieldDefinitions />
        </fieldDefinition>
        <fieldDefinition name="phenomenon_time" type="Date" cardinality="One">
          <fieldDefinitionTag>
            <name>TIME_START</name>
          </fieldDefinitionTag>
          <fieldDefinitions />
        </fieldDefinition>
        <fieldDefinition name="result_time" type="Date" cardinality="One">
          <fieldDefinitions />
        </fieldDefinition>
        <fieldDefinition name="result" type="Long" cardinality="One">
          <fieldDefinitions />
        </fieldDefinition>
        <fieldDefinition name="name" type="String" cardinality="One">
          <fieldDefinitions />
        </fieldDefinition>
        <fieldDefinition name="description" type="String" cardinality="One">
          <fieldDefinitions />
        </fieldDefinition>
        <fieldDefinition name="owner" type="String" cardinality="One">
          <fieldDefinitions />
        </fieldDefinition>
        <fieldDefinition name="service_name" type="String" cardinality="One">
          <fieldDefinitions />
        </fieldDefinition>
        <fieldDefinition name="layer_name" type="String" cardinality="One">
          <fieldDefinitions />
        </fieldDefinition>
        <fieldDefinition name="result_nature" type="String" cardinality="One">
          <fieldDefinitions />
        </fieldDefinition>
        <fieldDefinition name="media_monitored" type="String" cardinality="One">
          <fieldDefinitions />
        </fieldDefinition>
        <fieldDefinition name="lon" type="Double" cardinality="One">
          <fieldDefinitions />
        </fieldDefinition>
        <fieldDefinition name="lat" type="Double" cardinality="One">
          <fieldDefinitions />
        </fieldDefinition>
        <fieldDefinition name="geometry" type="Geometry" cardinality="One">
          <fieldDefinitionTag>
            <name>GEOMETRY</name>
          </fieldDefinitionTag>
          <fieldDefinitions />
        </fieldDefinition>
      </fieldDefinitions>
    </geoEventDefinition>
  </geoEventDefinitions>
  <tags />
  <connectors>
    <connector accessType="editable" label="Poll a SensorThings API for Observations" name="sta-poll-in" type="inbound">
      <adapter uri="de.esri.ges.adapter.adjustedJson/AdjustedJsonAdapter-in/10.7.1" />
      <defaultName>sta-poll</defaultName>
      <description>Poll a SensorThings API for Observations</description>
      <properties>
        <advanced />
        <hidden />
        <shown>
          <property label="JSON Object Name" name="JsonObjectName" source="adapter" />
          <property default="true" label="Create GeoEvent Definition" name="CreateGeoEventDefinition" source="adapter" />
          <property label="GeoEvent Definition Name (Existing)" name="ExistingGeoEventDefinitionName" source="adapter" />
          <property default="NewFeatureGeoEventDef" label="GeoEvent Definition Name (New)" name="NewGeoEventDefinitionName" source="adapter" />
          <property label="Expected Date Format" name="CustomDateFormat" source="adapter" />
          <property default="false" label="Construct Geometry From Fields" name="BuildGeometryFromFields" source="adapter" />
          <property label="X Geometry Field" name="XGeometryField" source="adapter" />
          <property label="Y Geometry Field" name="YGeometryField" source="adapter" />
          <property label="Z Geometry Field" name="ZGeometryField" source="adapter" />
          <property label="Default Spatial Reference" name="SpatialReferenceField" source="adapter" />
          <property default="false" label="Learning Mode" name="isLearningMode" source="adapter" />
          <property default="false" label="As GeoJson" name="asGeoJson" source="adapter" />
          <property default="GET" label="HTTP Method" name="httpMethod" source="transport" />
          <property label="URL" name="clientURL" source="transport" />
          <property default="5" label="Frequency" name="frequency" source="transport" />
          <property default="yyyy-MM-dd'T'HH:mm:ss.SSS'Z'" label="DateTime Pattern" name="dateTimePattern" source="transport" />
          <property default="UTC" label="TimeZone" name="timeZone" source="transport" />
          <property default="30" label="Http timeout value (seconds)" name="httpTimeoutValue" source="transport" />
          <property default="3600" label="Historical Timespan (seconds)" name="historicalTimespanSeconds" source="transport" />
          <property default="false" label="Use Authentication" name="useAuthentication" source="transport" />
          <property label="Token Endpoint URL" name="tokenEndpoint" source="transport" />
          <property label="Token Client Id" name="tokenClientId" source="transport" />
          <property label="Token Client Secret" name="tokenClientSecret" source="transport" />
          <property label="Token Username" name="tokenUsername" source="transport" />
          <property label="Token Password" name="tokenPassword" source="transport" />
          <property label="Offline Token" name="tokenOfflineToken" source="transport" />
        </shown>
      </properties>
      <transport uri="de.esri.ges.transport/AdvancedHttpInboundTransport/10.7.1" />
    </connector>
  </connectors>
</template>